[{"thread_url": "http://tieba.baidu.com/p/3500758604"},
{"thread_url": "http://tieba.baidu.com/p/3717188562"},
{"thread_url": "http://tieba.baidu.com/p/3717002038"},
{"thread_url": "http://tieba.baidu.com/p/3716251087"},
{"thread_url": "http://tieba.baidu.com/p/3717366591"},
{"thread_url": "http://tieba.baidu.com/p/3717321735"},
{"thread_url": "http://tieba.baidu.com/p/3715154831"},
{"thread_url": "http://tieba.baidu.com/p/2026080980"},
{"thread_url": "http://tieba.baidu.com/p/3717336045"},
{"thread_url": "http://tieba.baidu.com/p/3676225930"},
{"thread_url": "http://tieba.baidu.com/p/3717225973"},
{"thread_url": "http://tieba.baidu.com/p/3700447804"},
{"thread_url": "http://tieba.baidu.com/p/2808766281"},
{"thread_url": "http://tieba.baidu.com/p/3715376035"},
{"thread_url": "http://tieba.baidu.com/p/3658287347"},
{"thread_url": "http://tieba.baidu.com/p/3717364734"},
{"thread_url": "http://tieba.baidu.com/p/3717332114"},
{"thread_url": "http://tieba.baidu.com/p/3716657111"},
{"thread_url": "http://tieba.baidu.com/p/3500758604?pn=9"},
{"thread_url": "http://tieba.baidu.com/p/3500758604?pn=2"},
{"thread_url": "http://tieba.baidu.com/p/3556118503"},
{"thread_url": "http://tieba.baidu.com/p/3500758604?pn=8"},
{"thread_url": "http://tieba.baidu.com/p/3500758604?pn=7"},
{"thread_url": "http://tieba.baidu.com/p/2026080980?pn=52"},
{"thread_url": "http://tieba.baidu.com/p/2026080980?pn=9"},
{"thread_url": "http://tieba.baidu.com/p/3676225930?pn=9"},
{"thread_url": "http://tieba.baidu.com/p/3500758604?pn=6"},
{"thread_url": "http://tieba.baidu.com/p/2808766281?pn=5"},
{"thread_url": "http://tieba.baidu.com/p/3700447804?pn=9"},
{"thread_url": "http://tieba.baidu.com/p/3676225930?pn=8"},
{"thread_url": "http://tieba.baidu.com/p/3658287347?pn=6"},
{"thread_url": "http://tieba.baidu.com/p/2808766281?pn=4"},
{"thread_url": "http://tieba.baidu.com/p/3658287347?pn=5"},
{"thread_url": "http://tieba.baidu.com/p/3658287347?pn=4"},
{"thread_url": "http://tieba.baidu.com/p/3658287347?pn=3"},
{"thread_url": "http://tieba.baidu.com/p/3716657111?pn=2"},
{"thread_url": "http://tieba.baidu.com/p/3556118503?pn=79"},
{"thread_url": "http://tieba.baidu.com/p/3658287347?pn=2"},
{"thread_url": "http://tieba.baidu.com/p/2026080980?pn=50"},
{"thread_url": "http://tieba.baidu.com/p/2026080980?pn=49"},
{"thread_url": "http://tieba.baidu.com/p/3556118503?pn=2"},
{"thread_url": "http://tieba.baidu.com/p/2026080980?pn=47"},
{"thread_url": "http://tieba.baidu.com/p/3556118503?pn=9"},
{"thread_url": "http://tieba.baidu.com/p/2026080980?pn=48"},
{"thread_url": "http://tieba.baidu.com/p/2026080980?pn=46"},
{"thread_url": "http://tieba.baidu.com/p/2026080980?pn=45"},
{"thread_url": "http://tieba.baidu.com/p/2026080980?pn=44"},
{"thread_url": "http://tieba.baidu.com/p/2026080980?pn=43"},
{"thread_url": "http://tieba.baidu.com/p/2026080980?pn=42"},
{"thread_url": "http://tieba.baidu.com/p/2026080980?pn=40"},
{"thread_url": "http://tieba.baidu.com/p/2026080980?pn=41"},
{"thread_url": "http://tieba.baidu.com/p/3556118503?pn=8"},
{"thread_url": "http://tieba.baidu.com/p/3556118503?pn=7"},
{"thread_url": "http://tieba.baidu.com/p/3556118503?pn=76"},
{"thread_url": "http://tieba.baidu.com/p/3556118503?pn=75"},
{"thread_url": "http://tieba.baidu.com/p/2026080980?pn=51"},
{"thread_url": "http://tieba.baidu.com/p/3556118503?pn=74"},
{"thread_url": "http://tieba.baidu.com/p/3556118503?pn=71"},
{"thread_url": "http://tieba.baidu.com/p/3556118503?pn=77"},
{"thread_url": "http://tieba.baidu.com/p/3556118503?pn=73"},
{"thread_url": "http://tieba.baidu.com/p/3556118503?pn=72"},
{"thread_url": "http://tieba.baidu.com/p/3556118503?pn=69"},
{"thread_url": "http://tieba.baidu.com/p/3556118503?pn=70"},
{"thread_url": "http://tieba.baidu.com/p/3556118503?pn=67"},
{"thread_url": "http://tieba.baidu.com/p/2026080980?pn=38"},
{"thread_url": "http://tieba.baidu.com/p/2026080980?pn=39"},
{"thread_url": "http://tieba.baidu.com/p/2026080980?pn=37"},
{"thread_url": "http://tieba.baidu.com/p/3556118503?pn=68"},
{"thread_url": "http://tieba.baidu.com/p/2026080980?pn=36"},
{"thread_url": "http://tieba.baidu.com/p/3556118503?pn=78"},
{"thread_url": "http://tieba.baidu.com/p/3556118503?pn=5"},
{"thread_url": "http://tieba.baidu.com/p/3556118503?pn=4"},
{"thread_url": "http://tieba.baidu.com/p/2808766281?pn=3"},
{"thread_url": "http://tieba.baidu.com/p/3556118503?pn=6"},
{"thread_url": "http://tieba.baidu.com/p/2808766281?pn=2"},
{"thread_url": "http://tieba.baidu.com/p/3700447804?pn=7"},
{"thread_url": "http://tieba.baidu.com/p/3700447804?pn=6"},
{"thread_url": "http://tieba.baidu.com/p/3556118503?pn=3"},
{"thread_url": "http://tieba.baidu.com/p/3556118503?pn=66"},
{"thread_url": "http://tieba.baidu.com/p/3556118503?pn=65"},
{"thread_url": "http://tieba.baidu.com/p/3700447804?pn=5"},
{"thread_url": "http://tieba.baidu.com/p/3556118503?pn=64"},
{"thread_url": "http://tieba.baidu.com/p/2026080980?pn=35"},
{"thread_url": "http://tieba.baidu.com/p/3556118503?pn=63"},
{"thread_url": "http://tieba.baidu.com/p/2026080980?pn=32"},
{"thread_url": "http://tieba.baidu.com/p/3700447804?pn=8"},
{"thread_url": "http://tieba.baidu.com/p/3700447804?pn=4"},
{"thread_url": "http://tieba.baidu.com/p/2026080980?pn=34"},
{"thread_url": "http://tieba.baidu.com/p/3700447804?pn=3"},
{"thread_url": "http://tieba.baidu.com/p/2026080980?pn=33"},
{"thread_url": "http://tieba.baidu.com/p/3700447804?pn=2"},
{"thread_url": "http://tieba.baidu.com/p/3676225930?pn=5"},
{"thread_url": "http://tieba.baidu.com/p/3676225930?pn=7"},
{"thread_url": "http://tieba.baidu.com/p/3676225930?pn=3"},
{"thread_url": "http://tieba.baidu.com/p/3676225930?pn=4"},
{"thread_url": "http://tieba.baidu.com/p/3676225930?pn=6"},
{"thread_url": "http://tieba.baidu.com/p/3676225930?pn=2"},
{"thread_url": "http://tieba.baidu.com/p/3556118503?pn=62"},
{"thread_url": "http://tieba.baidu.com/p/3556118503?pn=61"},
{"thread_url": "http://tieba.baidu.com/p/2026080980?pn=8"},
{"thread_url": "http://tieba.baidu.com/p/2026080980?pn=29"},
{"thread_url": "http://tieba.baidu.com/p/3556118503?pn=60"},
{"thread_url": "http://tieba.baidu.com/p/2026080980?pn=28"},
{"thread_url": "http://tieba.baidu.com/p/2026080980?pn=30"},
{"thread_url": "http://tieba.baidu.com/p/2026080980?pn=31"},
{"thread_url": "http://tieba.baidu.com/p/2026080980?pn=5"},
{"thread_url": "http://tieba.baidu.com/p/2026080980?pn=6"},
{"thread_url": "http://tieba.baidu.com/p/2026080980?pn=7"},
{"thread_url": "http://tieba.baidu.com/p/3556118503?pn=59"},
{"thread_url": "http://tieba.baidu.com/p/2026080980?pn=3"},
{"thread_url": "http://tieba.baidu.com/p/2026080980?pn=4"},
{"thread_url": "http://tieba.baidu.com/p/3715154831?pn=4"},
{"thread_url": "http://tieba.baidu.com/p/3715154831?pn=3"},
{"thread_url": "http://tieba.baidu.com/p/2026080980?pn=27"},
{"thread_url": "http://tieba.baidu.com/p/2026080980?pn=2"},
{"thread_url": "http://tieba.baidu.com/p/3556118503?pn=57"},
{"thread_url": "http://tieba.baidu.com/p/3556118503?pn=56"},
{"thread_url": "http://tieba.baidu.com/p/3556118503?pn=58"},
{"thread_url": "http://tieba.baidu.com/p/2026080980?pn=26"},
{"thread_url": "http://tieba.baidu.com/p/2026080980?pn=25"},
{"thread_url": "http://tieba.baidu.com/p/3715154831?pn=2"},
{"thread_url": "http://tieba.baidu.com/p/2026080980?pn=24"},
{"thread_url": "http://tieba.baidu.com/p/3500758604?pn=4"},
{"thread_url": "http://tieba.baidu.com/p/3500758604?pn=5"},
{"thread_url": "http://tieba.baidu.com/p/3556118503?pn=55"},
{"thread_url": "http://tieba.baidu.com/p/3178630713"},
{"thread_url": "http://tieba.baidu.com/p/3500758604?pn=3"},
{"thread_url": "http://tieba.baidu.com/p/3717353963"},
{"thread_url": "http://tieba.baidu.com/p/3717371281"},
{"thread_url": "http://tieba.baidu.com/p/3717355999"},
{"thread_url": "http://tieba.baidu.com/p/3637951068"},
{"thread_url": "http://tieba.baidu.com/p/3178642157"},
{"thread_url": "http://tieba.baidu.com/p/2026080980?pn=23"},
{"thread_url": "http://tieba.baidu.com/p/2026080980?pn=21"},
{"thread_url": "http://tieba.baidu.com/p/3682933250"},
{"thread_url": "http://tieba.baidu.com/p/2026080980?pn=22"},
{"thread_url": "http://tieba.baidu.com/p/3556118503?pn=54"},
{"thread_url": "http://tieba.baidu.com/p/3556118503?pn=53"},
{"thread_url": "http://tieba.baidu.com/p/3717334824"},
{"thread_url": "http://tieba.baidu.com/p/2026080980?pn=20"},
{"thread_url": "http://tieba.baidu.com/p/3556118503?pn=51"},
{"thread_url": "http://tieba.baidu.com/p/3178630713?pn=27"},
{"thread_url": "http://tieba.baidu.com/p/3556118503?pn=52"},
{"thread_url": "http://tieba.baidu.com/p/3178630713?pn=8"},
{"thread_url": "http://tieba.baidu.com/p/3178630713?pn=9"},
{"thread_url": "http://tieba.baidu.com/p/3178630713?pn=7"},
{"thread_url": "http://tieba.baidu.com/p/3178630713?pn=6"},
{"thread_url": "http://tieba.baidu.com/p/3178642157?pn=28"},
{"thread_url": "http://tieba.baidu.com/p/3178642157?pn=9"},
{"thread_url": "http://tieba.baidu.com/p/3178642157?pn=8"},
{"thread_url": "http://tieba.baidu.com/p/3682933250?pn=2"},
{"thread_url": "http://tieba.baidu.com/p/3637951068?pn=9"},
{"thread_url": "http://tieba.baidu.com/p/3556118503?pn=50"},
{"thread_url": "http://tieba.baidu.com/p/3682933250?pn=9"},
{"thread_url": "http://tieba.baidu.com/p/3556118503?pn=49"},
{"thread_url": "http://tieba.baidu.com/p/3682933250?pn=21"},
{"thread_url": "http://tieba.baidu.com/p/3682933250?pn=8"},
{"thread_url": "http://tieba.baidu.com/p/3178630713?pn=25"},
{"thread_url": "http://tieba.baidu.com/p/3178630713?pn=23"},
{"thread_url": "http://tieba.baidu.com/p/3178630713?pn=22"},
{"thread_url": "http://tieba.baidu.com/p/3178630713?pn=24"},
{"thread_url": "http://tieba.baidu.com/p/3178642157?pn=21"},
{"thread_url": "http://tieba.baidu.com/p/3178630713?pn=21"},
{"thread_url": "http://tieba.baidu.com/p/3556118503?pn=48"},
{"thread_url": "http://tieba.baidu.com/p/3178642157?pn=25"},
{"thread_url": "http://tieba.baidu.com/p/3178642157?pn=26"},
{"thread_url": "http://tieba.baidu.com/p/3178630713?pn=20"},
{"thread_url": "http://tieba.baidu.com/p/3556118503?pn=46"},
{"thread_url": "http://tieba.baidu.com/p/3178642157?pn=24"},
{"thread_url": "http://tieba.baidu.com/p/3178642157?pn=23"},
{"thread_url": "http://tieba.baidu.com/p/3178630713?pn=26"},
{"thread_url": "http://tieba.baidu.com/p/3178642157?pn=22"},
{"thread_url": "http://tieba.baidu.com/p/3682933250?pn=20"},
{"thread_url": "http://tieba.baidu.com/p/3556118503?pn=45"},
{"thread_url": "http://tieba.baidu.com/p/3178642157?pn=27"},
{"thread_url": "http://tieba.baidu.com/p/3682933250?pn=7"},
{"thread_url": "http://tieba.baidu.com/p/3556118503?pn=47"},
{"thread_url": "http://tieba.baidu.com/p/3682933250?pn=5"},
{"thread_url": "http://tieba.baidu.com/p/3682933250?pn=6"},
{"thread_url": "http://tieba.baidu.com/p/3682933250?pn=4"},
{"thread_url": "http://tieba.baidu.com/p/3178642157?pn=20"},
{"thread_url": "http://tieba.baidu.com/p/3178642157?pn=6"},
{"thread_url": "http://tieba.baidu.com/p/3682933250?pn=3"},
{"thread_url": "http://tieba.baidu.com/p/3178642157?pn=7"},
{"thread_url": "http://tieba.baidu.com/p/3178642157?pn=4"},
{"thread_url": "http://tieba.baidu.com/p/3178642157?pn=5"},
{"thread_url": "http://tieba.baidu.com/p/3556118503?pn=41"},
{"thread_url": "http://tieba.baidu.com/p/3556118503?pn=43"},
{"thread_url": "http://tieba.baidu.com/p/3556118503?pn=44"},
{"thread_url": "http://tieba.baidu.com/p/3178642157?pn=3"},
{"thread_url": "http://tieba.baidu.com/p/3637951068?pn=8"},
{"thread_url": "http://tieba.baidu.com/p/3637951068?pn=7"},
{"thread_url": "http://tieba.baidu.com/p/3637951068?pn=6"},
{"thread_url": "http://tieba.baidu.com/p/3556118503?pn=42"},
{"thread_url": "http://tieba.baidu.com/p/3637951068?pn=5"},
{"thread_url": "http://tieba.baidu.com/p/3178642157?pn=2"},
{"thread_url": "http://tieba.baidu.com/p/3637951068?pn=4"},
{"thread_url": "http://tieba.baidu.com/p/3637951068?pn=3"},
{"thread_url": "http://tieba.baidu.com/p/3178630713?pn=5"},
{"thread_url": "http://tieba.baidu.com/p/3637951068?pn=2"},
{"thread_url": "http://tieba.baidu.com/p/3178630713?pn=4"},
{"thread_url": "http://tieba.baidu.com/p/3178630713?pn=3"},
{"thread_url": "http://tieba.baidu.com/p/3716717557"},
{"thread_url": "http://tieba.baidu.com/p/3178630713?pn=2"},
{"thread_url": "http://tieba.baidu.com/p/3556118503?pn=40"},
{"thread_url": "http://tieba.baidu.com/p/3556118503?pn=39"},
{"thread_url": "http://tieba.baidu.com/p/3706738901"},
{"thread_url": "http://tieba.baidu.com/p/3717203000"},
{"thread_url": "http://tieba.baidu.com/p/3556118503?pn=37"},
{"thread_url": "http://tieba.baidu.com/p/3556118503?pn=38"},
{"thread_url": "http://tieba.baidu.com/p/3717361831"},
{"thread_url": "http://tieba.baidu.com/p/3710382829"},
{"thread_url": "http://tieba.baidu.com/p/3717278047"},
{"thread_url": "http://tieba.baidu.com/p/3717286918"},
{"thread_url": "http://tieba.baidu.com/p/3717301021"},
{"thread_url": "http://tieba.baidu.com/p/3717347060"},
{"thread_url": "http://tieba.baidu.com/p/3712519108"},
{"thread_url": "http://tieba.baidu.com/p/3709622573"},
{"thread_url": "http://tieba.baidu.com/p/3706700660"},
{"thread_url": "http://tieba.baidu.com/p/3716991923"},
{"thread_url": "http://tieba.baidu.com/p/3717368591"},
{"thread_url": "http://tieba.baidu.com/p/2554072799"},
{"thread_url": "http://tieba.baidu.com/p/3717382947"},
{"thread_url": "http://tieba.baidu.com/p/3717203000?pn=2"},
{"thread_url": "http://tieba.baidu.com/p/3716844509"},
{"thread_url": "http://tieba.baidu.com/p/3710382829?pn=6"},
{"thread_url": "http://tieba.baidu.com/p/3556118503?pn=36"},
{"thread_url": "http://tieba.baidu.com/p/3706738901?pn=2"},
{"thread_url": "http://tieba.baidu.com/p/3556118503?pn=34"},
{"thread_url": "http://tieba.baidu.com/p/3710382829?pn=5"},
{"thread_url": "http://tieba.baidu.com/p/3710382829?pn=4"},
{"thread_url": "http://tieba.baidu.com/p/3710382829?pn=3"},
{"thread_url": "http://tieba.baidu.com/p/3709622573?pn=6"},
{"thread_url": "http://tieba.baidu.com/p/3709622573?pn=4"},
{"thread_url": "http://tieba.baidu.com/p/3706700660?pn=2"},
{"thread_url": "http://tieba.baidu.com/p/3556118503?pn=33"},
{"thread_url": "http://tieba.baidu.com/p/3709622573?pn=5"},
{"thread_url": "http://tieba.baidu.com/p/3710382829?pn=2"},
{"thread_url": "http://tieba.baidu.com/p/3709622573?pn=3"},
{"thread_url": "http://tieba.baidu.com/p/3709622573?pn=2"},
{"thread_url": "http://tieba.baidu.com/p/3716991923?pn=2"},
{"thread_url": "http://tieba.baidu.com/p/3706738901?pn=6"},
{"thread_url": "http://tieba.baidu.com/p/3706738901?pn=5"},
{"thread_url": "http://tieba.baidu.com/p/3556118503?pn=32"},
{"thread_url": "http://tieba.baidu.com/p/3706738901?pn=4"},
{"thread_url": "http://tieba.baidu.com/p/3706738901?pn=3"},
{"thread_url": "http://tieba.baidu.com/p/3716469330"},
{"thread_url": "http://tieba.baidu.com/p/3556118503?pn=35"},
{"thread_url": "http://tieba.baidu.com/p/3715782937"},
{"thread_url": "http://tieba.baidu.com/p/3693550314"},
{"thread_url": "http://tieba.baidu.com/p/3717340403"},
{"thread_url": "http://tieba.baidu.com/p/3556118503?pn=31"},
{"thread_url": "http://tieba.baidu.com/p/3556118503?pn=30"},
{"thread_url": "http://tieba.baidu.com/p/3716586190"},
{"thread_url": "http://tieba.baidu.com/p/3556118503?pn=29"},
{"thread_url": "http://tieba.baidu.com/p/3717015410"},
{"thread_url": "http://tieba.baidu.com/p/3636036775"},
{"thread_url": "http://tieba.baidu.com/p/3701838939"},
{"thread_url": "http://tieba.baidu.com/p/3701185322"},
{"thread_url": "http://tieba.baidu.com/p/3543085054"},
{"thread_url": "http://tieba.baidu.com/p/3715559096"},
{"thread_url": "http://tieba.baidu.com/p/3556118503?pn=28"},
{"thread_url": "http://tieba.baidu.com/p/3716469330?pn=2"},
{"thread_url": "http://tieba.baidu.com/p/2373968120"},
{"thread_url": "http://tieba.baidu.com/p/2327199110"},
{"thread_url": "http://tieba.baidu.com/p/3693550314?pn=9"},
{"thread_url": "http://tieba.baidu.com/p/3715782937?pn=2"},
{"thread_url": "http://tieba.baidu.com/p/3716586190?pn=2"},
{"thread_url": "http://tieba.baidu.com/p/3717015410?pn=5"},
{"thread_url": "http://tieba.baidu.com/p/3693550314?pn=8"},
{"thread_url": "http://tieba.baidu.com/p/3693550314?pn=2"},
{"thread_url": "http://tieba.baidu.com/p/3556118503?pn=26"},
{"thread_url": "http://tieba.baidu.com/p/3636036775?pn=4"},
{"thread_url": "http://tieba.baidu.com/p/3701838939?pn=3"},
{"thread_url": "http://tieba.baidu.com/p/3701838939?pn=2"},
{"thread_url": "http://tieba.baidu.com/p/3556118503?pn=25"},
{"thread_url": "http://tieba.baidu.com/p/3715559096?pn=2"},
{"thread_url": "http://tieba.baidu.com/p/3543085054?pn=2"},
{"thread_url": "http://tieba.baidu.com/p/3543085054?pn=7"},
{"thread_url": "http://tieba.baidu.com/p/2373968120?pn=9"},
{"thread_url": "http://tieba.baidu.com/p/3556118503?pn=24"},
{"thread_url": "http://tieba.baidu.com/p/2327199110?pn=9"},
{"thread_url": "http://tieba.baidu.com/p/2327199110?pn=8"},
{"thread_url": "http://tieba.baidu.com/p/2327199110?pn=7"},
{"thread_url": "http://tieba.baidu.com/p/2327199110?pn=4"},
{"thread_url": "http://tieba.baidu.com/p/2327199110?pn=5"},
{"thread_url": "http://tieba.baidu.com/p/3556118503?pn=22"},
{"thread_url": "http://tieba.baidu.com/p/2373968120?pn=7"},
{"thread_url": "http://tieba.baidu.com/p/3556118503?pn=23"},
{"thread_url": "http://tieba.baidu.com/p/2327199110?pn=6"},
{"thread_url": "http://tieba.baidu.com/p/2327199110?pn=3"},
{"thread_url": "http://tieba.baidu.com/p/2373968120?pn=8"},
{"thread_url": "http://tieba.baidu.com/p/2373968120?pn=6"},
{"thread_url": "http://tieba.baidu.com/p/2373968120?pn=5"},
{"thread_url": "http://tieba.baidu.com/p/2327199110?pn=2"},
{"thread_url": "http://tieba.baidu.com/p/2373968120?pn=4"},
{"thread_url": "http://tieba.baidu.com/p/2373968120?pn=3"},
{"thread_url": "http://tieba.baidu.com/p/3556118503?pn=21"},
{"thread_url": "http://tieba.baidu.com/p/3543085054?pn=6"},
{"thread_url": "http://tieba.baidu.com/p/3543085054?pn=4"},
{"thread_url": "http://tieba.baidu.com/p/2373968120?pn=2"},
{"thread_url": "http://tieba.baidu.com/p/3701185322?pn=9"},
{"thread_url": "http://tieba.baidu.com/p/3543085054?pn=3"},
{"thread_url": "http://tieba.baidu.com/p/3701185322?pn=8"},
{"thread_url": "http://tieba.baidu.com/p/3701185322?pn=6"},
{"thread_url": "http://tieba.baidu.com/p/3543085054?pn=5"},
{"thread_url": "http://tieba.baidu.com/p/3701185322?pn=7"},
{"thread_url": "http://tieba.baidu.com/p/3701185322?pn=5"},
{"thread_url": "http://tieba.baidu.com/p/3701185322?pn=4"},
{"thread_url": "http://tieba.baidu.com/p/3701185322?pn=3"},
{"thread_url": "http://tieba.baidu.com/p/3701185322?pn=2"},
{"thread_url": "http://tieba.baidu.com/p/3556118503?pn=20"},
{"thread_url": "http://tieba.baidu.com/p/3636036775?pn=2"},
{"thread_url": "http://tieba.baidu.com/p/3717015410?pn=3"},
{"thread_url": "http://tieba.baidu.com/p/3636036775?pn=3"},
{"thread_url": "http://tieba.baidu.com/p/3693550314?pn=7"},
{"thread_url": "http://tieba.baidu.com/p/3717015410?pn=4"},
{"thread_url": "http://tieba.baidu.com/p/3693550314?pn=5"},
{"thread_url": "http://tieba.baidu.com/p/3556118503?pn=27"},
{"thread_url": "http://tieba.baidu.com/p/3715782937?pn=3"},
{"thread_url": "http://tieba.baidu.com/p/3693550314?pn=3"},
{"thread_url": "http://tieba.baidu.com/p/3693550314?pn=6"},
{"thread_url": "http://tieba.baidu.com/p/3693550314?pn=4"},
{"thread_url": "http://tieba.baidu.com/p/3717015410?pn=2"},
{"thread_url": "http://tieba.baidu.com/p/1369360817"},
{"thread_url": "http://tieba.baidu.com/p/1614997532"},
{"thread_url": "http://tieba.baidu.com/p/1506081593"},
{"thread_url": "http://tieba.baidu.com/p/2394420426"},
{"thread_url": "http://tieba.baidu.com/p/1050435396"},
{"thread_url": "http://tieba.baidu.com/p/1369360817?pn=2"},
{"thread_url": "http://tieba.baidu.com/p/1369360817?pn=9"},
{"thread_url": "http://tieba.baidu.com/p/1369360817?pn=8"},
{"thread_url": "http://tieba.baidu.com/p/1369360817?pn=6"},
{"thread_url": "http://tieba.baidu.com/p/2898591413"},
{"thread_url": "http://tieba.baidu.com/p/1369360817?pn=5"},
{"thread_url": "http://tieba.baidu.com/p/1369360817?pn=3"},
{"thread_url": "http://tieba.baidu.com/p/1369360817?pn=4"},
{"thread_url": "http://tieba.baidu.com/p/1506081593?pn=2"},
{"thread_url": "http://tieba.baidu.com/p/1369360817?pn=7"},
{"thread_url": "http://tieba.baidu.com/p/1506081593?pn=236"},
{"thread_url": "http://tieba.baidu.com/p/2394420426?pn=2"},
{"thread_url": "http://tieba.baidu.com/p/1506081593?pn=8"},
{"thread_url": "http://tieba.baidu.com/p/1506081593?pn=7"},
{"thread_url": "http://tieba.baidu.com/p/1506081593?pn=9"},
{"thread_url": "http://tieba.baidu.com/p/1050435396?pn=9"},
{"thread_url": "http://tieba.baidu.com/p/1614997532?pn=2"},
{"thread_url": "http://tieba.baidu.com/p/2898591413?pn=9"},
{"thread_url": "http://tieba.baidu.com/p/1050435396?pn=8"},
{"thread_url": "http://tieba.baidu.com/p/1050435396?pn=6"},
{"thread_url": "http://tieba.baidu.com/p/1050435396?pn=7"},
{"thread_url": "http://tieba.baidu.com/p/2898591413?pn=8"},
{"thread_url": "http://tieba.baidu.com/p/2898591413?pn=7"},
{"thread_url": "http://tieba.baidu.com/p/2898591413?pn=5"},
{"thread_url": "http://tieba.baidu.com/p/2898591413?pn=6"},
{"thread_url": "http://tieba.baidu.com/p/1506081593?pn=228"},
{"thread_url": "http://tieba.baidu.com/p/2898591413?pn=3"},
{"thread_url": "http://tieba.baidu.com/p/1050435396?pn=5"},
{"thread_url": "http://tieba.baidu.com/p/2898591413?pn=4"},
{"thread_url": "http://tieba.baidu.com/p/1506081593?pn=233"},
{"thread_url": "http://tieba.baidu.com/p/1506081593?pn=234"},
{"thread_url": "http://tieba.baidu.com/p/1506081593?pn=232"},
{"thread_url": "http://tieba.baidu.com/p/1506081593?pn=231"},
{"thread_url": "http://tieba.baidu.com/p/1506081593?pn=230"},
{"thread_url": "http://tieba.baidu.com/p/1506081593?pn=229"},
{"thread_url": "http://tieba.baidu.com/p/2898591413?pn=2"},
{"thread_url": "http://tieba.baidu.com/p/2394420426?pn=5"},
{"thread_url": "http://tieba.baidu.com/p/2394420426?pn=3"},
{"thread_url": "http://tieba.baidu.com/p/2394420426?pn=4"},
{"thread_url": "http://tieba.baidu.com/p/1506081593?pn=235"},
{"thread_url": "http://tieba.baidu.com/p/1506081593?pn=227"},
{"thread_url": "http://tieba.baidu.com/p/1506081593?pn=226"},
{"thread_url": "http://tieba.baidu.com/p/1506081593?pn=225"},
{"thread_url": "http://tieba.baidu.com/p/1050435396?pn=3"},
{"thread_url": "http://tieba.baidu.com/p/1050435396?pn=4"},
{"thread_url": "http://tieba.baidu.com/p/1506081593?pn=6"},
{"thread_url": "http://tieba.baidu.com/p/1506081593?pn=5"},
{"thread_url": "http://tieba.baidu.com/p/1050435396?pn=2"},
{"thread_url": "http://tieba.baidu.com/p/1506081593?pn=3"},
{"thread_url": "http://tieba.baidu.com/p/1614997532?pn=7"},
{"thread_url": "http://tieba.baidu.com/p/1614997532?pn=9"},
{"thread_url": "http://tieba.baidu.com/p/1506081593?pn=4"},
{"thread_url": "http://tieba.baidu.com/p/1614997532?pn=8"},
{"thread_url": "http://tieba.baidu.com/p/1614997532?pn=6"},
{"thread_url": "http://tieba.baidu.com/p/1614997532?pn=5"},
{"thread_url": "http://tieba.baidu.com/p/1506081593?pn=222"},
{"thread_url": "http://tieba.baidu.com/p/1614997532?pn=3"},
{"thread_url": "http://tieba.baidu.com/p/1614997532?pn=4"},
{"thread_url": "http://tieba.baidu.com/p/1506081593?pn=223"},
{"thread_url": "http://tieba.baidu.com/p/1506081593?pn=224"},
{"thread_url": "http://tieba.baidu.com/p/1506081593?pn=220"},
{"thread_url": "http://tieba.baidu.com/p/1506081593?pn=219"},
{"thread_url": "http://tieba.baidu.com/p/1506081593?pn=221"},
{"thread_url": "http://tieba.baidu.com/p/1506081593?pn=218"},
{"thread_url": "http://tieba.baidu.com/p/1506081593?pn=216"},
{"thread_url": "http://tieba.baidu.com/p/1506081593?pn=217"},
{"thread_url": "http://tieba.baidu.com/p/1506081593?pn=215"},
{"thread_url": "http://tieba.baidu.com/p/1506081593?pn=213"},
{"thread_url": "http://tieba.baidu.com/p/1506081593?pn=214"},
{"thread_url": "http://tieba.baidu.com/p/1506081593?pn=212"},
{"thread_url": "http://tieba.baidu.com/p/1506081593?pn=211"},
{"thread_url": "http://tieba.baidu.com/p/1506081593?pn=210"},
{"thread_url": "http://tieba.baidu.com/p/1506081593?pn=208"},
{"thread_url": "http://tieba.baidu.com/p/1506081593?pn=207"},
{"thread_url": "http://tieba.baidu.com/p/1506081593?pn=209"},
{"thread_url": "http://tieba.baidu.com/p/1506081593?pn=206"},
{"thread_url": "http://tieba.baidu.com/p/1506081593?pn=205"},
{"thread_url": "http://tieba.baidu.com/p/1506081593?pn=204"},
{"thread_url": "http://tieba.baidu.com/p/1506081593?pn=203"},
{"thread_url": "http://tieba.baidu.com/p/1506081593?pn=201"},
{"thread_url": "http://tieba.baidu.com/p/1506081593?pn=202"},
{"thread_url": "http://tieba.baidu.com/p/1506081593?pn=200"}]